COUNTRY,YEAR,FATALITIES
Afghanistan,2017,1434
Afghanistan,2018,1585
Afghanistan,2019,1482
Afghanistan,2020,2296
Afghanistan,2021,2221
Afghanistan,2022,1357
Afghanistan,2023,462
Afghanistan,2024,407
Afghanistan,2025,194
Akrotiri and Dhekelia,2018,0
Akrotiri and Dhekelia,2019,0
Akrotiri and Dhekelia,2020,0
Akrotiri and Dhekelia,2021,0
Albania,2018,0
Albania,2019,0
Albania,2020,0
Albania,2021,0
Albania,2022,0
Albania,2023,1
Albania,2024,1
Albania,2025,0
Algeria,1997,3559
Algeria,1998,1048
Algeria,1999,260
Algeria,2000,476
Algeria,2001,370
Algeria,2002,500
Algeria,2003,163
Algeria,2004,69
Algeria,2005,35
Algeria,2006,87
Algeria,2007,96
Algeria,2008,119
Algeria,2009,26
Algeria,2010,40
Algeria,2011,23
Algeria,2012,11
Algeria,2013,19
Algeria,2014,19
Algeria,2015,2
Algeria,2016,4
Algeria,2017,19
Algeria,2018,14
Algeria,2019,2
Algeria,2020,5
Algeria,2021,8
Algeria,2022,8
Algeria,2023,11
Algeria,2024,21
Algeria,2025,8
American Samoa,2021,0
Andorra,2020,0
Andorra,2021,0
Angola,1997,2842
Angola,1998,9315
Angola,1999,6586
Angola,2000,2418
Angola,2001,1309
Angola,2002,81
Angola,2003,0
Angola,2004,1
Angola,2005,0
Angola,2006,10
Angola,2007,9
Angola,2008,10
Angola,2009,3
Angola,2010,13
Angola,2011,4
Angola,2012,4
Angola,2013,6
Angola,2014,0
Angola,2015,1
Angola,2016,24
Angola,2017,12
Angola,2018,35
Angola,2019,11
Angola,2020,39
Angola,2021,141
Angola,2022,53
Angola,2023,47
Angola,2024,44
Angola,2025,35
Anguilla,2018,0
Anguilla,2019,0
Anguilla,2020,0
Anguilla,2021,0
Anguilla,2023,0
Antarctica,2021,0
Antigua and Barbuda,2018,0
Antigua and Barbuda,2019,0
Antigua and Barbuda,2020,2
Antigua and Barbuda,2021,0
Antigua and Barbuda,2023,1
Antigua and Barbuda,2024,3
Antigua and Barbuda,2025,1
Argentina,2018,16
Argentina,2019,23
Argentina,2020,14
Argentina,2021,14
Argentina,2022,11
Argentina,2023,6
Argentina,2024,3
Argentina,2025,2
Armenia,2018,2
Armenia,2019,0
Armenia,2020,6
Armenia,2021,0
Armenia,2022,11
Armenia,2023,1
Armenia,2024,0
Armenia,2025,1
Aruba,2018,0
Aruba,2019,0
Aruba,2020,0
Aruba,2021,0
Aruba,2025,1
Australia,2021,0
Australia,2022,1
Australia,2024,0
Australia,2025,0
Austria,2020,6
Austria,2021,0
Austria,2022,0
Austria,2023,0
Austria,2024,0
Austria,2025,1
Azerbaijan,2018,5
Azerbaijan,2019,1
Azerbaijan,2020,155
Azerbaijan,2021,26
Azerbaijan,2022,5
Azerbaijan,2023,25
Azerbaijan,2024,2
Azerbaijan,2025,5
Bahamas,2018,0
Bahamas,2019,0
Bahamas,2020,1
Bahamas,2021,2
Bahamas,2022,0
Bahamas,2023,0
Bahamas,2024,0
Bahamas,2025,0
Bahrain,2016,0
Bahrain,2017,5
Bahrain,2018,0
Bahrain,2019,1
Bahrain,2020,0
Bahrain,2021,0
Bahrain,2022,0
Bahrain,2023,0
Bahrain,2024,0
Bahrain,2025,0
Bailiwick of Guernsey,2020,0
Bailiwick of Guernsey,2021,0
Bailiwick of Jersey,2020,0
Bailiwick of Jersey,2021,0
Bangladesh,2010,360
Bangladesh,2011,334
Bangladesh,2012,269
Bangladesh,2013,281
Bangladesh,2014,150
Bangladesh,2015,218
Bangladesh,2016,129
Bangladesh,2017,64
Bangladesh,2018,150
Bangladesh,2019,275
Bangladesh,2020,210
Bangladesh,2021,178
Bangladesh,2022,188
Bangladesh,2023,212
Bangladesh,2024,494
Bangladesh,2025,199
Barbados,2018,0
Barbados,2019,0
Barbados,2020,2
Barbados,2021,0
Belarus,2018,0
Belarus,2019,0
Belarus,2020,5
Belarus,2021,3
Belarus,2022,2
Belarus,2023,1
Belarus,2024,2
Belarus,2025,1
Belgium,2020,0
Belgium,2021,1
Belgium,2022,1
Belgium,2023,3
Belgium,2024,0
Belgium,2025,0
Belize,2018,68
Belize,2019,85
Belize,2020,61
Belize,2021,58
Belize,2022,38
Belize,2023,28
Belize,2024,16
Belize,2025,14
Benin,1997,0
Benin,1998,1
Benin,1999,0
Benin,2000,0
Benin,2001,4
Benin,2002,0
Benin,2003,0
Benin,2004,0
Benin,2005,0
Benin,2006,0
Benin,2007,2
Benin,2008,0
Benin,2009,1
Benin,2010,0
Benin,2011,0
Benin,2012,0
Benin,2013,0
Benin,2014,0
Benin,2015,2
Benin,2016,3
Benin,2017,7
Benin,2018,23
Benin,2019,12
Benin,2020,32
Benin,2021,55
Benin,2022,88
Benin,2023,135
Benin,2024,137
Benin,2025,105
Bermuda,2018,0
Bermuda,2019,0
Bermuda,2020,0
Bermuda,2021,0
Bhutan,2020,0
Bhutan,2021,0
Bhutan,2022,0
Bhutan,2024,0
Bolivia,2018,14
Bolivia,2019,8
Bolivia,2020,1
Bolivia,2021,6
Bolivia,2022,6
Bolivia,2023,8
Bolivia,2024,12
Bolivia,2025,22
Bosnia and Herzegovina,2018,1
Bosnia and Herzegovina,2019,1
Bosnia and Herzegovina,2020,0
Bosnia and Herzegovina,2021,0
Bosnia and Herzegovina,2022,1
Bosnia and Herzegovina,2023,0
Bosnia and Herzegovina,2024,0
Bosnia and Herzegovina,2025,0
Botswana,1997,0
Botswana,1998,0
Botswana,1999,0
Botswana,2000,0
Botswana,2001,0
Botswana,2002,0
Botswana,2003,0
Botswana,2004,0
Botswana,2005,0
Botswana,2006,0
Botswana,2007,0
Botswana,2008,1
Botswana,2009,0
Botswana,2010,0
Botswana,2011,0
Botswana,2012,0
Botswana,2013,0
Botswana,2014,0
Botswana,2015,0
Botswana,2016,1
Botswana,2017,0
Botswana,2018,2
Botswana,2019,0
Botswana,2020,7
Botswana,2021,1
Botswana,2022,4
Botswana,2023,7
Botswana,2024,2
Botswana,2025,4
Brazil,2018,3680
Brazil,2019,2577
Brazil,2020,2950
Brazil,2021,3276
Brazil,2022,4394
Brazil,2023,4456
Brazil,2024,4075
Brazil,2025,3244
British Indian Ocean Territory,2018,0
British Indian Ocean Territory,2019,0
British Indian Ocean Territory,2020,0
British Indian Ocean Territory,2021,0
British Virgin Islands,2018,0
British Virgin Islands,2019,0
British Virgin Islands,2020,0
British Virgin Islands,2021,0
Brunei,2020,0
Brunei,2021,0
Bulgaria,2018,0
Bulgaria,2019,0
Bulgaria,2020,0
Bulgaria,2021,0
Bulgaria,2022,0
Bulgaria,2024,0
Bulgaria,2025,1
Burkina Faso,1997,0
Burkina Faso,1998,4
Burkina Faso,1999,2
Burkina Faso,2000,0
Burkina Faso,2001,0
Burkina Faso,2002,106
Burkina Faso,2003,1
Burkina Faso,2004,3
Burkina Faso,2005,0
Burkina Faso,2006,1
Burkina Faso,2007,0
Burkina Faso,2008,0
Burkina Faso,2009,0
Burkina Faso,2010,0
Burkina Faso,2011,1
Burkina Faso,2012,6
Burkina Faso,2013,7
Burkina Faso,2014,5
Burkina Faso,2015,4
Burkina Faso,2016,41
Burkina Faso,2017,67
Burkina Faso,2018,177
Burkina Faso,2019,1348
Burkina Faso,2020,1076
Burkina Faso,2021,762
Burkina Faso,2022,1418
Burkina Faso,2023,2398
Burkina Faso,2024,2353
Burkina Faso,2025,753
Burundi,1997,2219
Burundi,1998,575
Burundi,1999,815
Burundi,2000,1587
Burundi,2001,761
Burundi,2002,736
Burundi,2003,918
Burundi,2004,237
Burundi,2005,425
Burundi,2006,52
Burundi,2007,11
Burundi,2008,26
Burundi,2009,41
Burundi,2010,126
Burundi,2011,62
Burundi,2012,19
Burundi,2013,16
Burundi,2014,11
Burundi,2015,544
Burundi,2016,405
Burundi,2017,270
Burundi,2018,291
Burundi,2019,191
Burundi,2020,193
Burundi,2021,234
Burundi,2022,155
Burundi,2023,111
Burundi,2024,131
Burundi,2025,89
Cambodia,2010,17
Cambodia,2011,8
Cambodia,2012,9
Cambodia,2013,7
Cambodia,2014,9
Cambodia,2015,4
Cambodia,2016,3
Cambodia,2017,2
Cambodia,2018,10
Cambodia,2019,5
Cambodia,2020,3
Cambodia,2021,2
Cambodia,2022,1
Cambodia,2023,0
Cambodia,2024,0
Cambodia,2025,0
Cameroon,1997,0
Cameroon,1998,1
Cameroon,1999,0
Cameroon,2000,16
Cameroon,2001,4
Cameroon,2002,4
Cameroon,2003,3
Cameroon,2004,10
Cameroon,2005,5
Cameroon,2006,2
Cameroon,2007,25
Cameroon,2008,103
Cameroon,2009,18
Cameroon,2010,2
Cameroon,2011,8
Cameroon,2012,0
Cameroon,2013,14
Cameroon,2014,132
Cameroon,2015,423
Cameroon,2016,330
Cameroon,2017,420
Cameroon,2018,575
Cameroon,2019,605
Cameroon,2020,808
Cameroon,2021,546
Cameroon,2022,720
Cameroon,2023,961
Cameroon,2024,738
Cameroon,2025,283
Canada,2021,8
Canada,2022,0
Canada,2023,4
Canada,2024,0
Canada,2025,0
Cape Verde,2020,0
Cape Verde,2021,0
Cape Verde,2023,0
Caribbean Netherlands,2018,0
Caribbean Netherlands,2019,0
Caribbean Netherlands,2020,0
Caribbean Netherlands,2021,0
Cayman Islands,2018,0
Cayman Islands,2019,0
Cayman Islands,2020,0
Cayman Islands,2021,0
Central African Republic,1997,0
Central African Republic,1998,40
Central African Republic,1999,2
Central African Republic,2000,9
Central African Republic,2001,35
Central African Republic,2002,235
Central African Republic,2003,70
Central African Republic,2004,52
Central African Republic,2005,1
Central African Republic,2006,64
Central African Republic,2007,189
Central African Republic,2008,116
Central African Republic,2009,83
Central African Republic,2010,195
Central African Republic,2011,40
Central African Republic,2012,61
Central African Republic,2013,1224
Central African Republic,2014,2397
Central African Republic,2015,300
Central African Republic,2016,291
Central African Republic,2017,565
Central African Republic,2018,512
Central African Republic,2019,245
Central African Republic,2020,115
Central African Republic,2021,980
Central African Republic,2022,554
Central African Republic,2023,159
Central African Republic,2024,460
Central African Republic,2025,462
Chad,1997,109
Chad,1998,39
Chad,1999,26
Chad,2000,12
Chad,2001,7
Chad,2002,1
Chad,2003,1
Chad,2004,113
Chad,2005,204
Chad,2006,627
Chad,2007,56
Chad,2008,64
Chad,2009,2
Chad,2010,0
Chad,2011,10
Chad,2012,1
Chad,2013,0
Chad,2014,12
Chad,2015,150
Chad,2016,12
Chad,2017,14
Chad,2018,41
Chad,2019,75
Chad,2020,113
Chad,2021,64
Chad,2022,86
Chad,2023,100
Chad,2024,101
Chad,2025,132
Chile,2018,4
Chile,2019,12
Chile,2020,17
Chile,2021,11
Chile,2022,19
Chile,2023,9
Chile,2024,29
Chile,2025,11
China,2018,34
China,2019,13
China,2020,9
China,2021,12
China,2022,6
China,2023,9
China,2024,9
China,2025,1
Christmas Island,2021,0
Cocos (Keeling) Islands,2021,0
Colombia,2018,1025
Colombia,2019,988
Colombia,2020,1284
Colombia,2021,1526
Colombia,2022,1713
Colombia,2023,1539
Colombia,2024,1188
Colombia,2025,1155
Comoros,2020,2
Comoros,2021,0
Comoros,2022,2
Comoros,2023,1
Comoros,2024,2
Comoros,2025,0
Cook Islands,2021,0
Costa Rica,2018,2
Costa Rica,2019,9
Costa Rica,2020,8
Costa Rica,2021,3
Costa Rica,2022,1
Costa Rica,2023,1
Costa Rica,2024,9
Costa Rica,2025,5
Croatia,2018,0
Croatia,2019,3
Croatia,2020,0
Croatia,2021,0
Croatia,2023,0
Croatia,2024,0
Croatia,2025,0
Cuba,2018,0
Cuba,2019,2
Cuba,2020,3
Cuba,2021,0
Cuba,2022,0
Cuba,2023,6
Cuba,2024,3
Cuba,2025,5
Curacao,2018,0
Curacao,2019,0
Curacao,2020,0
Curacao,2021,0
Cyprus,2018,0
Cyprus,2019,1
Cyprus,2020,0
Cyprus,2021,0
Cyprus,2022,1
Cyprus,2023,0
Cyprus,2024,0
Cyprus,2025,1
Czech Republic,2020,0
Czech Republic,2021,1
Czech Republic,2023,0
Czech Republic,2024,0
Czech Republic,2025,0
Democratic Republic of Congo,1997,1238
Democratic Republic of Congo,1998,1749
Democratic Republic of Congo,1999,1751
Democratic Republic of Congo,2000,592
Democratic Republic of Congo,2001,1391
Democratic Republic of Congo,2002,1407
Democratic Republic of Congo,2003,910
Democratic Republic of Congo,2004,153
Democratic Republic of Congo,2005,282
Democratic Republic of Congo,2006,71
Democratic Republic of Congo,2007,106
Democratic Republic of Congo,2008,2028
Democratic Republic of Congo,2009,2075
Democratic Republic of Congo,2010,866
Democratic Republic of Congo,2011,200
Democratic Republic of Congo,2012,639
Democratic Republic of Congo,2013,838
Democratic Republic of Congo,2014,600
Democratic Republic of Congo,2015,948
Democratic Republic of Congo,2016,702
Democratic Republic of Congo,2017,1671
Democratic Republic of Congo,2018,1386
Democratic Republic of Congo,2019,1770
Democratic Republic of Congo,2020,2687
Democratic Republic of Congo,2021,2836
Democratic Republic of Congo,2022,3330
Democratic Republic of Congo,2023,2971
Democratic Republic of Congo,2024,3496
Democratic Republic of Congo,2025,3107
Denmark,2020,1
Denmark,2021,0
Denmark,2022,0
Denmark,2024,0
Djibouti,1997,0
Djibouti,1998,0
Djibouti,1999,2
Djibouti,2000,0
Djibouti,2001,0
Djibouti,2002,0
Djibouti,2003,0
Djibouti,2004,0
Djibouti,2005,0
Djibouti,2006,0
Djibouti,2007,0
Djibouti,2008,10
Djibouti,2009,0
Djibouti,2010,0
Djibouti,2011,3
Djibouti,2012,1
Djibouti,2013,0
Djibouti,2014,3
Djibouti,2015,0
Djibouti,2016,0
Djibouti,2017,0
Djibouti,2018,0
Djibouti,2019,4
Djibouti,2020,0
Djibouti,2021,1
Djibouti,2022,0
Djibouti,2023,4
Djibouti,2024,1
Dominica,2018,0
Dominica,2019,1
Dominica,2020,0
Dominica,2021,0
Dominican Republic,2018,18
Dominican Republic,2019,14
Dominican Republic,2020,7
Dominican Republic,2021,3
Dominican Republic,2022,13
Dominican Republic,2023,10
Dominican Republic,2024,9
Dominican Republic,2025,10
East Timor,2020,0
East Timor,2021,2
East Timor,2022,2
East Timor,2023,0
East Timor,2024,0
East Timor,2025,0
Ecuador,2018,7
Ecuador,2019,5
Ecuador,2020,4
Ecuador,2021,3
Ecuador,2022,34
Ecuador,2023,2162
Ecuador,2024,2262
Ecuador,2025,2549
Egypt,1997,110
Egypt,1998,10
Egypt,1999,2
Egypt,2000,6
Egypt,2001,0
Egypt,2002,1
Egypt,2003,0
Egypt,2004,28
Egypt,2005,102
Egypt,2006,24
Egypt,2007,0
Egypt,2008,21
Egypt,2009,13
Egypt,2010,62
Egypt,2011,173
Egypt,2012,25
Egypt,2013,663
Egypt,2014,121
Egypt,2015,498
Egypt,2016,159
Egypt,2017,511
Egypt,2018,62
Egypt,2019,114
Egypt,2020,88
Egypt,2021,51
Egypt,2022,35
Egypt,2023,19
Egypt,2024,17
Egypt,2025,23
El Salvador,2018,521
El Salvador,2019,504
El Salvador,2020,249
El Salvador,2021,271
El Salvador,2022,151
El Salvador,2023,23
El Salvador,2024,12
El Salvador,2025,6
Equatorial Guinea,1997,0
Equatorial Guinea,1998,6
Equatorial Guinea,1999,0
Equatorial Guinea,2000,0
Equatorial Guinea,2001,0
Equatorial Guinea,2002,0
Equatorial Guinea,2003,1
Equatorial Guinea,2004,0
Equatorial Guinea,2005,0
Equatorial Guinea,2006,0
Equatorial Guinea,2007,0
Equatorial Guinea,2008,1
Equatorial Guinea,2009,1
Equatorial Guinea,2010,7
Equatorial Guinea,2011,0
Equatorial Guinea,2012,0
Equatorial Guinea,2013,0
Equatorial Guinea,2014,0
Equatorial Guinea,2015,0
Equatorial Guinea,2016,0
Equatorial Guinea,2017,5
Equatorial Guinea,2018,2
Equatorial Guinea,2019,1
Equatorial Guinea,2020,0
Equatorial Guinea,2021,1
Eritrea,1997,0
Eritrea,1998,98
Eritrea,1999,4651
Eritrea,2000,19
Eritrea,2001,1
Eritrea,2002,1
Eritrea,2003,24
Eritrea,2004,56
Eritrea,2005,161
Eritrea,2006,2
Eritrea,2007,1
Eritrea,2008,175
Eritrea,2009,9
Eritrea,2010,0
Eritrea,2011,0
Eritrea,2012,0
Eritrea,2013,38
Eritrea,2014,10
Eritrea,2015,0
Eritrea,2016,2
Eritrea,2017,1
Eritrea,2018,1
Eritrea,2019,0
Eritrea,2020,1
Eritrea,2021,0
Eritrea,2022,0
Eritrea,2024,0
Estonia,2020,0
Estonia,2021,1
Ethiopia,1997,31
Ethiopia,1998,131
Ethiopia,1999,995
Ethiopia,2000,20
Ethiopia,2001,46
Ethiopia,2002,438
Ethiopia,2003,135
Ethiopia,2004,84
Ethiopia,2005,153
Ethiopia,2006,11
Ethiopia,2007,131
Ethiopia,2008,35
Ethiopia,2009,25
Ethiopia,2010,115
Ethiopia,2011,152
Ethiopia,2012,216
Ethiopia,2013,133
Ethiopia,2014,82
Ethiopia,2015,219
Ethiopia,2016,1250
Ethiopia,2017,411
Ethiopia,2018,697
Ethiopia,2019,340
Ethiopia,2020,2546
Ethiopia,2021,3597
Ethiopia,2022,2941
Ethiopia,2023,1372
Ethiopia,2024,2197
Ethiopia,2025,1023
Falkland Islands,2018,0
Falkland Islands,2019,0
Falkland Islands,2020,0
Falkland Islands,2021,0
Faroe Islands,2020,0
Faroe Islands,2021,0
Fiji,2021,0
Fiji,2022,0
Fiji,2024,0
Finland,2020,1
Finland,2021,1
Finland,2023,0
Finland,2024,0
France,2020,8
France,2021,1
France,2022,14
France,2023,5
France,2024,9
France,2025,8
French Guiana,2018,0
French Guiana,2019,0
French Guiana,2020,0
French Guiana,2021,0
French Guiana,2023,1
French Guiana,2024,1
French Polynesia,2021,0
French Polynesia,2024,0
French Southern and Antarctic Lands,2021,0
Gabon,1997,0
Gabon,1998,0
Gabon,1999,2
Gabon,2000,0
Gabon,2001,0
Gabon,2002,0
Gabon,2003,0
Gabon,2004,2
Gabon,2005,0
Gabon,2006,1
Gabon,2007,0
Gabon,2008,0
Gabon,2009,0
Gabon,2010,0
Gabon,2011,0
Gabon,2012,0
Gabon,2013,0
Gabon,2014,0
Gabon,2015,0
Gabon,2016,3
Gabon,2017,0
Gabon,2018,0
Gabon,2019,1
Gabon,2020,1
Gabon,2021,1
Gabon,2022,0
Gabon,2023,1
Gabon,2024,1
Gabon,2025,1
Gambia,1997,0
Gambia,1998,0
Gambia,1999,0
Gambia,2000,1
Gambia,2001,4
Gambia,2002,1
Gambia,2003,0
Gambia,2004,1
Gambia,2005,57
Gambia,2006,0
Gambia,2007,15
Gambia,2008,0
Gambia,2009,18
Gambia,2010,0
Gambia,2011,0
Gambia,2012,8
Gambia,2013,0
Gambia,2014,3
Gambia,2015,0
Gambia,2016,4
Gambia,2017,4
Gambia,2018,0
Gambia,2019,1
Gambia,2020,0
Gambia,2021,1
Gambia,2022,1
Gambia,2023,2
Gambia,2024,1
Gambia,2025,0
Georgia,2018,3
Georgia,2019,2
Georgia,2020,0
Georgia,2021,0
Georgia,2022,0
Georgia,2023,2
Georgia,2024,1
Georgia,2025,0
Germany,2020,13
Germany,2021,9
Germany,2022,1
Germany,2023,8
Germany,2024,16
Germany,2025,7
Ghana,1997,2
Ghana,1998,0
Ghana,1999,0
Ghana,2000,2
Ghana,2001,126
Ghana,2002,0
Ghana,2003,3
Ghana,2004,2
Ghana,2005,2
Ghana,2006,0
Ghana,2007,5
Ghana,2008,8
Ghana,2009,8
Ghana,2010,3
Ghana,2011,1
Ghana,2012,6
Ghana,2013,15
Ghana,2014,5
Ghana,2015,10
Ghana,2016,9
Ghana,2017,48
Ghana,2018,16
Ghana,2019,22
Ghana,2020,46
Ghana,2021,34
Ghana,2022,79
Ghana,2023,127
Ghana,2024,79
Ghana,2025,113
Gibraltar,2020,0
Gibraltar,2021,0
Greece,2018,8
Greece,2019,4
Greece,2020,3
Greece,2021,6
Greece,2022,9
Greece,2023,6
Greece,2024,2
Greece,2025,3
Greenland,2020,0
Greenland,2021,0
Grenada,2018,0
Grenada,2019,0
Grenada,2020,0
Grenada,2021,0
Guadeloupe,2018,1
Guadeloupe,2019,0
Guadeloupe,2020,1
Guadeloupe,2021,0
Guadeloupe,2022,0
Guadeloupe,2023,0
Guam,2021,0
Guatemala,2018,308
Guatemala,2019,520
Guatemala,2020,285
Guatemala,2021,282
Guatemala,2022,432
Guatemala,2023,708
Guatemala,2024,247
Guatemala,2025,292
Guinea,1997,0
Guinea,1998,38
Guinea,1999,71
Guinea,2000,1078
Guinea,2001,146
Guinea,2002,0
Guinea,2003,0
Guinea,2004,3
Guinea,2005,4
Guinea,2006,14
Guinea,2007,60
Guinea,2008,2
Guinea,2009,161
Guinea,2010,3
Guinea,2011,1
Guinea,2012,8
Guinea,2013,1
Guinea,2014,11
Guinea,2015,8
Guinea,2016,3
Guinea,2017,6
Guinea,2018,18
Guinea,2019,20
Guinea,2020,29
Guinea,2021,13
Guinea,2022,13
Guinea,2023,20
Guinea,2024,25
Guinea,2025,11
Guinea-Bissau,1997,0
Guinea-Bissau,1998,0
Guinea-Bissau,1999,1
Guinea-Bissau,2000,7
Guinea-Bissau,2001,0
Guinea-Bissau,2002,0
Guinea-Bissau,2003,1
Guinea-Bissau,2004,0
Guinea-Bissau,2005,0
Guinea-Bissau,2006,11
Guinea-Bissau,2007,0
Guinea-Bissau,2008,0
Guinea-Bissau,2009,5
Guinea-Bissau,2010,0
Guinea-Bissau,2011,0
Guinea-Bissau,2012,2
Guinea-Bissau,2013,3
Guinea-Bissau,2014,22
Guinea-Bissau,2015,1
Guinea-Bissau,2016,0
Guinea-Bissau,2017,0
Guinea-Bissau,2018,0
Guinea-Bissau,2019,1
Guinea-Bissau,2020,1
Guinea-Bissau,2021,0
Guinea-Bissau,2022,0
Guinea-Bissau,2023,3
Guinea-Bissau,2024,9
Guinea-Bissau,2025,0
Guyana,2018,1
Guyana,2019,2
Guyana,2020,3
Guyana,2021,1
Guyana,2022,1
Guyana,2023,1
Guyana,2024,2
Guyana,2025,3
Haiti,2018,155
Haiti,2019,202
Haiti,2020,360
Haiti,2021,257
Haiti,2022,669
Haiti,2023,1007
Haiti,2024,1349
Haiti,2025,880
Heard Island and McDonald Islands,2021,0
Honduras,2018,710
Honduras,2019,798
Honduras,2020,627
Honduras,2021,629
Honduras,2022,574
Honduras,2023,548
Honduras,2024,415
Honduras,2025,372
Hungary,2020,0
Hungary,2021,0
Hungary,2022,0
Hungary,2023,0
Hungary,2024,0
Hungary,2025,1
Iceland,2020,3
Iceland,2021,0
Iceland,2023,0
Iceland,2024,0
India,2016,436
India,2017,391
India,2018,704
India,2019,761
India,2020,467
India,2021,445
India,2022,489
India,2023,673
India,2024,628
India,2025,411
Indonesia,2015,50
Indonesia,2016,18
Indonesia,2017,20
Indonesia,2018,99
Indonesia,2019,80
Indonesia,2020,67
Indonesia,2021,56
Indonesia,2022,82
Indonesia,2023,112
Indonesia,2024,90
Indonesia,2025,99
Iran,2016,22
Iran,2017,34
Iran,2018,75
Iran,2019,11
Iran,2020,290
Iran,2021,93
Iran,2022,225
Iran,2023,96
Iran,2024,180
Iran,2025,283
Iraq,2016,10630
Iraq,2017,7371
Iraq,2018,776
Iraq,2019,520
Iraq,2020,509
Iraq,2021,529
Iraq,2022,468
Iraq,2023,387
Iraq,2024,270
Iraq,2025,164
Ireland,2020,0
Ireland,2021,0
Ireland,2022,0
Ireland,2023,0
Ireland,2024,0
Ireland,2025,0
Isle of Man,2020,0
Isle of Man,2021,0
Israel,2016,13
Israel,2017,5
Israel,2018,4
Israel,2019,10
Israel,2020,1
Israel,2021,16
Israel,2022,28
Israel,2023,869
Israel,2024,56
Israel,2025,45
Italy,2020,0
Italy,2021,1
Italy,2022,0
Italy,2023,0
Italy,2024,0
Italy,2025,0
Ivory Coast,1997,17
Ivory Coast,1998,14
Ivory Coast,1999,3
Ivory Coast,2000,78
Ivory Coast,2001,0
Ivory Coast,2002,231
Ivory Coast,2003,724
Ivory Coast,2004,412
Ivory Coast,2005,165
Ivory Coast,2006,37
Ivory Coast,2007,0
Ivory Coast,2008,13
Ivory Coast,2009,1
Ivory Coast,2010,79
Ivory Coast,2011,679
Ivory Coast,2012,44
Ivory Coast,2013,19
Ivory Coast,2014,3
Ivory Coast,2015,3
Ivory Coast,2016,4
Ivory Coast,2017,9
Ivory Coast,2018,5
Ivory Coast,2019,14
Ivory Coast,2020,30
Ivory Coast,2021,16
Ivory Coast,2022,14
Ivory Coast,2023,16
Ivory Coast,2024,12
Ivory Coast,2025,14
Jamaica,2018,151
Jamaica,2019,242
Jamaica,2020,188
Jamaica,2021,239
Jamaica,2022,294
Jamaica,2023,323
Jamaica,2024,224
Jamaica,2025,102
Japan,2018,0
Japan,2019,0
Japan,2020,0
Japan,2021,0
Japan,2022,1
Japan,2023,0
Jordan,2016,4
Jordan,2017,28
Jordan,2018,2
Jordan,2019,4
Jordan,2020,0
Jordan,2021,0
Jordan,2022,0
Jordan,2023,1
Jordan,2025,2
Kazakhstan,2018,1
Kazakhstan,2019,6
Kazakhstan,2020,1
Kazakhstan,2021,3
Kazakhstan,2022,41
Kazakhstan,2023,4
Kazakhstan,2024,5
Kazakhstan,2025,4
Kenya,1997,309
Kenya,1998,508
Kenya,1999,139
Kenya,2000,312
Kenya,2001,269
Kenya,2002,314
Kenya,2003,76
Kenya,2004,126
Kenya,2005,204
Kenya,2006,120
Kenya,2007,314
Kenya,2008,617
Kenya,2009,64
Kenya,2010,84
Kenya,2011,133
Kenya,2012,341
Kenya,2013,496
Kenya,2014,355
Kenya,2015,321
Kenya,2016,88
Kenya,2017,350
Kenya,2018,232
Kenya,2019,221
Kenya,2020,171
Kenya,2021,248
Kenya,2022,456
Kenya,2023,559
Kenya,2024,402
Kenya,2025,499
Kiribati,2021,0
Kosovo,2018,4
Kosovo,2019,0
Kosovo,2020,0
Kosovo,2021,0
Kosovo,2022,0
Kosovo,2023,0
Kosovo,2024,0
Kosovo,2025,1
Kuwait,2016,0
Kuwait,2017,0
Kuwait,2018,0
Kuwait,2019,0
Kuwait,2020,0
Kuwait,2021,0
Kyrgyzstan,2018,4
Kyrgyzstan,2019,0
Kyrgyzstan,2020,1
Kyrgyzstan,2021,1
Kyrgyzstan,2022,3
Kyrgyzstan,2023,1
Kyrgyzstan,2024,1
Kyrgyzstan,2025,4
Laos,2010,0
Laos,2011,4
Laos,2012,0
Laos,2013,0
Laos,2014,0
Laos,2015,2
Laos,2016,5
Laos,2017,3
Laos,2018,0
Laos,2019,1
Laos,2020,1
Laos,2021,0
Laos,2023,0
Latvia,2020,0
Latvia,2021,0
Latvia,2025,2
Lebanon,2016,35
Lebanon,2017,25
Lebanon,2018,9
Lebanon,2019,5
Lebanon,2020,5
Lebanon,2021,7
Lebanon,2022,3
Lebanon,2023,53
Lebanon,2024,2132
Lebanon,2025,78
Lesotho,1997,1
Lesotho,1998,50
Lesotho,1999,16
Lesotho,2000,0
Lesotho,2001,0
Lesotho,2002,9
Lesotho,2003,1
Lesotho,2004,0
Lesotho,2005,0
Lesotho,2006,2
Lesotho,2007,0
Lesotho,2008,0
Lesotho,2009,0
Lesotho,2010,1
Lesotho,2011,0
Lesotho,2012,6
Lesotho,2013,0
Lesotho,2014,0
Lesotho,2015,3
Lesotho,2016,4
Lesotho,2017,1
Lesotho,2018,0
Lesotho,2019,3
Lesotho,2020,6
Lesotho,2021,9
Lesotho,2022,13
Lesotho,2023,12
Lesotho,2024,3
Liberia,1997,0
Liberia,1998,5
Liberia,1999,121
Liberia,2000,1
Liberia,2001,3
Liberia,2002,27
Liberia,2003,0
Liberia,2004,18
Liberia,2005,16
Liberia,2006,0
Liberia,2007,0
Liberia,2008,0
Liberia,2009,0
Liberia,2010,11
Liberia,2011,13
Liberia,2012,0
Liberia,2013,2
Liberia,2014,5
Liberia,2015,4
Liberia,2016,4
Liberia,2017,7
Liberia,2018,3
Liberia,2019,10
Liberia,2020,2
Liberia,2021,6
Liberia,2022,9
Liberia,2023,2
Liberia,2024,4
Liberia,2025,13
Libya,1997,9
Libya,1998,1
Libya,1999,0
Libya,2000,2
Libya,2001,0
Libya,2002,0
Libya,2003,0
Libya,2004,0
Libya,2005,1
Libya,2006,0
Libya,2007,0
Libya,2008,1
Libya,2009,10
Libya,2010,0
Libya,2011,2886
Libya,2012,50
Libya,2013,173
Libya,2014,587
Libya,2015,526
Libya,2016,462
Libya,2017,339
Libya,2018,286
Libya,2019,583
Libya,2020,377
Libya,2021,43
Libya,2022,40
Libya,2023,17
Libya,2024,78
Libya,2025,66
Liechtenstein,2020,0
Liechtenstein,2021,0
Lithuania,2020,0
Lithuania,2021,0
Lithuania,2023,0
Lithuania,2024,0
Lithuania,2025,0
Luxembourg,2020,0
Luxembourg,2021,0
Madagascar,1997,0
Madagascar,1998,0
Madagascar,1999,0
Madagascar,2000,1
Madagascar,2001,0
Madagascar,2002,31
Madagascar,2003,0
Madagascar,2004,1
Madagascar,2005,2
Madagascar,2006,1
Madagascar,2007,5
Madagascar,2008,0
Madagascar,2009,83
Madagascar,2010,2
Madagascar,2011,0
Madagascar,2012,17
Madagascar,2013,13
Madagascar,2014,30
Madagascar,2015,34
Madagascar,2016,51
Madagascar,2017,90
Madagascar,2018,51
Madagascar,2019,96
Madagascar,2020,93
Madagascar,2021,87
Madagascar,2022,132
Madagascar,2023,110
Madagascar,2024,113
Madagascar,2025,50
Malawi,1997,0
Malawi,1998,0
Malawi,1999,0
Malawi,2000,2
Malawi,2001,7
Malawi,2002,1
Malawi,2003,0
Malawi,2004,1
Malawi,2005,0
Malawi,2006,0
Malawi,2007,1
Malawi,2008,3
Malawi,2009,0
Malawi,2010,0
Malawi,2011,1
Malawi,2012,0
Malawi,2013,2
Malawi,2014,8
Malawi,2015,9
Malawi,2016,23
Malawi,2017,18
Malawi,2018,15
Malawi,2019,22
Malawi,2020,58
Malawi,2021,44
Malawi,2022,37
Malawi,2023,51
Malawi,2024,48
Malawi,2025,29
Malaysia,2018,6
Malaysia,2019,11
Malaysia,2020,1
Malaysia,2021,6
Malaysia,2022,4
Malaysia,2023,0
Malaysia,2024,0
Malaysia,2025,1
Maldives,2020,0
Maldives,2021,0
Maldives,2023,0
Maldives,2024,1
Mali,1997,0
Mali,1998,0
Mali,1999,9
Mali,2000,8
Mali,2001,2
Mali,2002,5
Mali,2003,13
Mali,2004,0
Mali,2005,0
Mali,2006,0
Mali,2007,0
Mali,2008,10
Mali,2009,10
Mali,2010,3
Mali,2011,19
Mali,2012,98
Mali,2013,195
Mali,2014,49
Mali,2015,74
Mali,2016,75
Mali,2017,252
Mali,2018,871
Mali,2019,876
Mali,2020,962
Mali,2021,531
Mali,2022,2232
Mali,2023,1992
Mali,2024,1791
Mali,2025,990
Malta,2020,0
Malta,2021,0
Malta,2022,0
Malta,2023,0
Malta,2025,2
Marshall Islands,2021,0
Martinique,2018,0
Martinique,2019,0
Martinique,2020,0
Martinique,2021,0
Martinique,2023,0
Martinique,2025,0
Mauritania,1997,0
Mauritania,1998,0
Mauritania,1999,0
Mauritania,2000,1
Mauritania,2001,0
Mauritania,2002,0
Mauritania,2003,8
Mauritania,2004,0
Mauritania,2005,0
Mauritania,2006,0
Mauritania,2007,4
Mauritania,2008,0
Mauritania,2009,1
Mauritania,2010,0
Mauritania,2011,1
Mauritania,2012,3
Mauritania,2013,0
Mauritania,2014,1
Mauritania,2015,1
Mauritania,2016,0
Mauritania,2017,0
Mauritania,2018,0
Mauritania,2019,3
Mauritania,2020,2
Mauritania,2021,0
Mauritania,2022,3
Mauritania,2023,2
Mauritania,2024,4
Mauritania,2025,0
Mauritius,2020,2
Mauritius,2021,2
Mauritius,2022,3
Mauritius,2023,2
Mauritius,2024,2
Mauritius,2025,0
Mayotte,2020,0
Mayotte,2021,1
Mayotte,2022,1
Mayotte,2023,0
Mayotte,2024,0
Mayotte,2025,0
Mexico,2018,7492
Mexico,2019,7372
Mexico,2020,6851
Mexico,2021,6759
Mexico,2022,6641
Mexico,2023,5769
Mexico,2024,6741
Mexico,2025,5512
Micronesia,2021,0
Moldova,2018,0
Moldova,2019,0
Moldova,2020,0
Moldova,2021,0
Moldova,2022,0
Moldova,2023,1
Moldova,2024,0
Moldova,2025,0
Monaco,2020,0
Monaco,2021,0
Mongolia,2018,1
Mongolia,2019,0
Mongolia,2020,0
Mongolia,2021,0
Montenegro,2018,2
Montenegro,2019,0
Montenegro,2020,0
Montenegro,2021,0
Montenegro,2022,0
Montenegro,2023,1
Montenegro,2024,0
Montenegro,2025,0
Montserrat,2018,0
Montserrat,2019,0
Montserrat,2020,0
Montserrat,2021,0
Morocco,1997,4
Morocco,1998,10
Morocco,1999,0
Morocco,2000,0
Morocco,2001,0
Morocco,2002,0
Morocco,2003,43
Morocco,2004,2
Morocco,2005,3
Morocco,2006,2
Morocco,2007,2
Morocco,2008,0
Morocco,2009,0
Morocco,2010,2
Morocco,2011,19
Morocco,2012,1
Morocco,2013,4
Morocco,2014,2
Morocco,2015,3
Morocco,2016,3
Morocco,2017,1
Morocco,2018,4
Morocco,2019,3
Morocco,2020,0
Morocco,2021,15
Morocco,2022,18
Morocco,2023,13
Morocco,2024,5
Morocco,2025,12
Mozambique,1997,0
Mozambique,1998,0
Mozambique,1999,0
Mozambique,2000,2
Mozambique,2001,0
Mozambique,2002,0
Mozambique,2003,0
Mozambique,2004,2
Mozambique,2005,0
Mozambique,2006,2
Mozambique,2007,0
Mozambique,2008,2
Mozambique,2009,0
Mozambique,2010,3
Mozambique,2011,4
Mozambique,2012,7
Mozambique,2013,27
Mozambique,2014,13
Mozambique,2015,4
Mozambique,2016,58
Mozambique,2017,83
Mozambique,2018,171
Mozambique,2019,378
Mozambique,2020,827
Mozambique,2021,516
Mozambique,2022,460
Mozambique,2023,96
Mozambique,2024,259
Mozambique,2025,237
Myanmar,2010,69
Myanmar,2011,135
Myanmar,2012,181
Myanmar,2013,113
Myanmar,2014,101
Myanmar,2015,173
Myanmar,2016,301
Myanmar,2017,1090
Myanmar,2018,101
Myanmar,2019,196
Myanmar,2020,265
Myanmar,2021,2538
Myanmar,2022,3304
Myanmar,2023,3404
Myanmar,2024,3977
Myanmar,2025,2811
Namibia,1997,0
Namibia,1998,0
Namibia,1999,43
Namibia,2000,88
Namibia,2001,13
Namibia,2002,5
Namibia,2003,4
Namibia,2004,0
Namibia,2005,0
Namibia,2006,0
Namibia,2007,0
Namibia,2008,0
Namibia,2009,0
Namibia,2010,0
Namibia,2011,1
Namibia,2012,1
Namibia,2013,3
Namibia,2014,4
Namibia,2015,3
Namibia,2016,0
Namibia,2017,1
Namibia,2018,1
Namibia,2019,2
Namibia,2020,0
Namibia,2021,2
Namibia,2022,3
Namibia,2023,4
Namibia,2024,6
Namibia,2025,1
Nauru,2021,0
Nepal,2010,26
Nepal,2011,9
Nepal,2012,15
Nepal,2013,3
Nepal,2014,4
Nepal,2015,7
Nepal,2016,3
Nepal,2017,5
Nepal,2018,13
Nepal,2019,34
Nepal,2020,25
Nepal,2021,4
Nepal,2022,9
Nepal,2023,2
Nepal,2024,5
Nepal,2025,1
Netherlands,2020,1
Netherlands,2021,1
Netherlands,2022,0
Netherlands,2023,0
Netherlands,2024,1
Netherlands,2025,1
New Caledonia,2021,0
New Caledonia,2024,0
New Zealand,2021,1
Nicaragua,2018,222
Nicaragua,2019,28
Nicaragua,2020,28
Nicaragua,2021,29
Nicaragua,2022,3
Nicaragua,2023,11
Nicaragua,2024,8
Nicaragua,2025,4
Niger,1997,13
Niger,1998,151
Niger,1999,0
Niger,2000,0
Niger,2001,0
Niger,2002,73
Niger,2003,0
Niger,2004,0
Niger,2005,1
Niger,2006,0
Niger,2007,12
Niger,2008,4
Niger,2009,5
Niger,2010,1
Niger,2011,0
Niger,2012,8
Niger,2013,4
Niger,2014,0
Niger,2015,164
Niger,2016,29
Niger,2017,38
Niger,2018,152
Niger,2019,202
Niger,2020,420
Niger,2021,765
Niger,2022,366
Niger,2023,418
Niger,2024,407
Niger,2025,756
Nigeria,1997,83
Nigeria,1998,898
Nigeria,1999,463
Nigeria,2000,195
Nigeria,2001,322
Nigeria,2002,283
Nigeria,2003,423
Nigeria,2004,2204
Nigeria,2005,51
Nigeria,2006,53
Nigeria,2007,152
Nigeria,2008,98
Nigeria,2009,1051
Nigeria,2010,1444
Nigeria,2011,1888
Nigeria,2012,1948
Nigeria,2013,2126
Nigeria,2014,7006
Nigeria,2015,6995
Nigeria,2016,2214
Nigeria,2017,2352
Nigeria,2018,3084
Nigeria,2019,2424
Nigeria,2020,2809
Nigeria,2021,4117
Nigeria,2022,4004
Nigeria,2023,2984
Nigeria,2024,3729
Nigeria,2025,3203
Niue,2021,0
Norfolk Island,2021,0
North Korea,2018,0
North Korea,2019,11
North Korea,2020,11
North Korea,2021,13
North Korea,2022,34
North Korea,2023,7
North Korea,2024,30
North Macedonia,2018,0
North Macedonia,2019,0
North Macedonia,2020,0
North Macedonia,2021,0
North Macedonia,2022,0
North Macedonia,2023,0
North Macedonia,2024,0
North Macedonia,2025,0
Northern Mariana Islands,2021,0
Norway,2020,1
Norway,2021,0
Norway,2022,2
Norway,2023,0
Norway,2024,0
Norway,2025,1
Oman,2016,0
Oman,2017,0
Oman,2018,0
Oman,2019,0
Oman,2020,0
Oman,2021,2
Oman,2024,6
Pakistan,2010,1698
Pakistan,2011,1153
Pakistan,2012,2063
Pakistan,2013,1862
Pakistan,2014,1216
Pakistan,2015,914
Pakistan,2016,612
Pakistan,2017,553
Pakistan,2018,558
Pakistan,2019,418
Pakistan,2020,204
Pakistan,2021,353
Pakistan,2022,387
Pakistan,2023,755
Pakistan,2024,797
Pakistan,2025,807
Palau,2021,0
Palestine,2016,46
Palestine,2017,21
Palestine,2018,71
Palestine,2019,64
Palestine,2020,14
Palestine,2021,208
Palestine,2022,52
Palestine,2023,19340
Palestine,2024,20406
Palestine,2025,14138
Panama,2018,1
Panama,2019,2
Panama,2020,4
Panama,2021,5
Panama,2022,1
Panama,2023,7
Panama,2024,1
Panama,2025,0
Papua New Guinea,2021,71
Papua New Guinea,2022,110
Papua New Guinea,2023,152
Papua New Guinea,2024,110
Papua New Guinea,2025,47
Paraguay,2018,5
Paraguay,2019,10
Paraguay,2020,10
Paraguay,2021,23
Paraguay,2022,19
Paraguay,2023,5
Paraguay,2024,1
Paraguay,2025,0
Peru,2018,7
Peru,2019,24
Peru,2020,1
Peru,2021,19
Peru,2022,5
Peru,2023,41
Peru,2024,39
Peru,2025,34
Philippines,2016,3593
Philippines,2017,2317
Philippines,2018,1483
Philippines,2019,1152
Philippines,2020,914
Philippines,2021,707
Philippines,2022,471
Philippines,2023,442
Philippines,2024,341
Philippines,2025,241
Pitcairn,2021,0
Poland,2020,0
Poland,2021,1
Poland,2022,0
Poland,2023,1
Poland,2024,0
Poland,2025,0
Portugal,2020,2
Portugal,2021,0
Portugal,2024,1
Portugal,2025,0
Puerto Rico,2018,93
Puerto Rico,2019,116
Puerto Rico,2020,96
Puerto Rico,2021,139
Puerto Rico,2022,168
Puerto Rico,2023,160
Puerto Rico,2024,149
Puerto Rico,2025,91
Qatar,2016,0
Qatar,2017,0
Qatar,2018,0
Qatar,2019,0
Qatar,2020,0
Qatar,2021,0
Republic of Congo,1997,2
Republic of Congo,1998,21
Republic of Congo,1999,15
Republic of Congo,2000,15
Republic of Congo,2001,0
Republic of Congo,2002,1
Republic of Congo,2003,10
Republic of Congo,2004,3
Republic of Congo,2005,1
Republic of Congo,2006,1
Republic of Congo,2007,0
Republic of Congo,2008,0
Republic of Congo,2009,0
Republic of Congo,2010,0
Republic of Congo,2011,0
Republic of Congo,2012,1
Republic of Congo,2013,0
Republic of Congo,2014,0
Republic of Congo,2015,0
Republic of Congo,2016,27
Republic of Congo,2017,3
Republic of Congo,2018,28
Republic of Congo,2019,0
Republic of Congo,2020,1
Republic of Congo,2021,10
Republic of Congo,2022,19
Republic of Congo,2023,6
Republic of Congo,2024,1
Republic of Congo,2025,4
Reunion,2020,0
Reunion,2021,0
Reunion,2022,0
Reunion,2023,0
Romania,2018,0
Romania,2019,1
Romania,2020,0
Romania,2021,0
Romania,2022,0
Romania,2023,1
Romania,2024,0
Romania,2025,0
Russia,2018,14
Russia,2019,6
Russia,2020,4
Russia,2021,10
Russia,2022,67
Russia,2023,117
Russia,2024,660
Russia,2025,321
Rwanda,1997,1835
Rwanda,1998,890
Rwanda,1999,22
Rwanda,2000,23
Rwanda,2001,3
Rwanda,2002,1
Rwanda,2003,3
Rwanda,2004,10
Rwanda,2005,4
Rwanda,2006,16
Rwanda,2007,19
Rwanda,2008,7
Rwanda,2009,5
Rwanda,2010,21
Rwanda,2011,3
Rwanda,2012,21
Rwanda,2013,7
Rwanda,2014,3
Rwanda,2015,3
Rwanda,2016,2
Rwanda,2017,4
Rwanda,2018,25
Rwanda,2019,59
Rwanda,2020,59
Rwanda,2021,23
Rwanda,2022,11
Rwanda,2023,6
Rwanda,2024,10
Rwanda,2025,19
"Saint Helena, Ascension and Tristan da Cunha",2020,0
"Saint Helena, Ascension and Tristan da Cunha",2021,0
Saint Kitts and Nevis,2018,1
Saint Kitts and Nevis,2019,0
Saint Kitts and Nevis,2020,0
Saint Kitts and Nevis,2021,0
Saint Lucia,2018,0
Saint Lucia,2019,0
Saint Lucia,2020,0
Saint Lucia,2021,0
Saint Lucia,2022,0
Saint Lucia,2023,0
Saint Pierre and Miquelon,2021,0
Saint Vincent and the Grenadines,2018,0
Saint Vincent and the Grenadines,2019,0
Saint Vincent and the Grenadines,2020,0
Saint Vincent and the Grenadines,2021,0
Saint Vincent and the Grenadines,2024,0
Saint-Barthelemy,2018,0
Saint-Barthelemy,2019,0
Saint-Barthelemy,2020,0
Saint-Barthelemy,2021,0
Saint-Martin,2018,0
Saint-Martin,2019,0
Saint-Martin,2020,0
Saint-Martin,2021,0
Samoa,2021,0
Samoa,2023,0
San Marino,2020,0
San Marino,2021,0
Sao Tome and Principe,2020,0
Sao Tome and Principe,2021,1
Sao Tome and Principe,2022,0
Sao Tome and Principe,2023,0
Sao Tome and Principe,2024,0
Saudi Arabia,2015,76
Saudi Arabia,2016,54
Saudi Arabia,2017,13
Saudi Arabia,2018,6
Saudi Arabia,2019,5
Saudi Arabia,2020,10
Saudi Arabia,2021,3
Saudi Arabia,2022,5
Saudi Arabia,2023,185
Saudi Arabia,2024,5
Saudi Arabia,2025,1
Senegal,1997,83
Senegal,1998,79
Senegal,1999,40
Senegal,2000,15
Senegal,2001,67
Senegal,2002,37
Senegal,2003,1
Senegal,2004,0
Senegal,2005,0
Senegal,2006,5
Senegal,2007,6
Senegal,2008,4
Senegal,2009,9
Senegal,2010,2
Senegal,2011,12
Senegal,2012,2
Senegal,2013,6
Senegal,2014,7
Senegal,2015,1
Senegal,2016,7
Senegal,2017,0
Senegal,2018,18
Senegal,2019,2
Senegal,2020,0
Senegal,2021,7
Senegal,2022,6
Senegal,2023,5
Senegal,2024,11
Senegal,2025,4
Serbia,2018,5
Serbia,2019,0
Serbia,2020,0
Serbia,2021,1
Serbia,2022,0
Serbia,2023,0
Serbia,2024,1
Serbia,2025,0
Seychelles,2020,0
Seychelles,2021,0
Sierra Leone,1997,40
Sierra Leone,1998,0
Sierra Leone,1999,113
Sierra Leone,2000,0
Sierra Leone,2001,0
Sierra Leone,2002,2
Sierra Leone,2003,0
Sierra Leone,2004,3
Sierra Leone,2005,0
Sierra Leone,2006,0
Sierra Leone,2007,2
Sierra Leone,2008,1
Sierra Leone,2009,3
Sierra Leone,2010,0
Sierra Leone,2011,2
Sierra Leone,2012,1
Sierra Leone,2013,3
Sierra Leone,2014,0
Sierra Leone,2015,2
Sierra Leone,2016,1
Sierra Leone,2017,4
Sierra Leone,2018,5
Sierra Leone,2019,1
Sierra Leone,2020,5
Sierra Leone,2021,1
Sierra Leone,2022,7
Sierra Leone,2023,10
Sierra Leone,2024,4
Sierra Leone,2025,6
Singapore,2020,0
Singapore,2021,0
Sint Maarten,2018,0
Sint Maarten,2019,0
Sint Maarten,2020,0
Sint Maarten,2021,0
Sint Maarten,2022,0
Sint Maarten,2024,1
Slovakia,2020,0
Slovakia,2021,0
Slovakia,2022,2
Slovakia,2023,0
Slovakia,2024,1
Slovakia,2025,0
Slovenia,2020,0
Slovenia,2021,0
Slovenia,2022,0
Slovenia,2023,0
Slovenia,2024,0
Slovenia,2025,0
Solomon Islands,2021,5
Solomon Islands,2022,1
Solomon Islands,2023,1
Somalia,1997,15
Somalia,1998,4
Somalia,1999,46
Somalia,2000,31
Somalia,2001,40
Somalia,2002,65
Somalia,2003,398
Somalia,2004,243
Somalia,2005,60
Somalia,2006,53
Somalia,2007,452
Somalia,2008,506
Somalia,2009,343
Somalia,2010,732
Somalia,2011,561
Somalia,2012,641
Somalia,2013,771
Somalia,2014,839
Somalia,2015,669
Somalia,2016,932
Somalia,2017,1849
Somalia,2018,749
Somalia,2019,1003
Somalia,2020,696
Somalia,2021,649
Somalia,2022,921
Somalia,2023,796
Somalia,2024,512
Somalia,2025,448
South Africa,1997,62
South Africa,1998,90
South Africa,1999,62
South Africa,2000,36
South Africa,2001,16
South Africa,2002,24
South Africa,2003,16
South Africa,2004,27
South Africa,2005,5
South Africa,2006,16
South Africa,2007,8
South Africa,2008,37
South Africa,2009,33
South Africa,2010,26
South Africa,2011,39
South Africa,2012,174
South Africa,2013,97
South Africa,2014,127
South Africa,2015,180
South Africa,2016,105
South Africa,2017,91
South Africa,2018,99
South Africa,2019,170
South Africa,2020,161
South Africa,2021,251
South Africa,2022,269
South Africa,2023,296
South Africa,2024,276
South Africa,2025,133
South Georgia and the South Sandwich Islands,2018,0
South Georgia and the South Sandwich Islands,2019,0
South Georgia and the South Sandwich Islands,2020,0
South Georgia and the South Sandwich Islands,2021,0
South Korea,2018,0
South Korea,2019,0
South Korea,2020,0
South Korea,2021,0
South Korea,2022,0
South Korea,2024,0
South Korea,2025,0
South Sudan,2011,1363
South Sudan,2012,3532
South Sudan,2013,2967
South Sudan,2014,1970
South Sudan,2015,1260
South Sudan,2016,992
South Sudan,2017,1435
South Sudan,2018,558
South Sudan,2019,978
South Sudan,2020,706
South Sudan,2021,1771
South Sudan,2022,1765
South Sudan,2023,1442
South Sudan,2024,1038
South Sudan,2025,787
Spain,2020,0
Spain,2021,4
Spain,2022,0
Spain,2023,0
Spain,2024,1
Spain,2025,2
Sri Lanka,2010,24
Sri Lanka,2011,10
Sri Lanka,2012,8
Sri Lanka,2013,13
Sri Lanka,2014,3
Sri Lanka,2015,7
Sri Lanka,2016,3
Sri Lanka,2017,0
Sri Lanka,2018,17
Sri Lanka,2019,274
Sri Lanka,2020,16
Sri Lanka,2021,5
Sri Lanka,2022,3
Sri Lanka,2023,5
Sri Lanka,2024,3
Sri Lanka,2025,6
Sudan,1997,497
Sudan,1998,461
Sudan,1999,179
Sudan,2000,205
Sudan,2001,113
Sudan,2002,2992
Sudan,2003,3682
Sudan,2004,6947
Sudan,2005,903
Sudan,2006,928
Sudan,2007,1148
Sudan,2008,930
Sudan,2009,1546
Sudan,2010,295
Sudan,2011,2084
Sudan,2012,371
Sudan,2013,938
Sudan,2014,985
Sudan,2015,1010
Sudan,2016,895
Sudan,2017,408
Sudan,2018,325
Sudan,2019,419
Sudan,2020,377
Sudan,2021,594
Sudan,2022,641
Sudan,2023,3970
Sudan,2024,5925
Sudan,2025,4205
Suriname,2018,0
Suriname,2019,7
Suriname,2020,1
Suriname,2021,1
Suriname,2022,0
Suriname,2023,0
Suriname,2024,0
Suriname,2025,0
Sweden,2020,1
Sweden,2021,0
Sweden,2022,0
Sweden,2023,0
Sweden,2024,0
Sweden,2025,1
Switzerland,2020,0
Switzerland,2021,0
Switzerland,2022,0
Switzerland,2024,0
Switzerland,2025,0
Syria,2017,19593
Syria,2018,10049
Syria,2019,4330
Syria,2020,2004
Syria,2021,1637
Syria,2022,1321
Syria,2023,1581
Syria,2024,1812
Syria,2025,4206
Taiwan,2018,0
Taiwan,2019,0
Taiwan,2020,0
Taiwan,2021,0
Taiwan,2022,0
Tajikistan,2018,11
Tajikistan,2019,15
Tajikistan,2020,1
Tajikistan,2021,0
Tajikistan,2022,55
Tajikistan,2023,1
Tajikistan,2025,1
Tanzania,1997,6
Tanzania,1998,20
Tanzania,1999,0
Tanzania,2000,37
Tanzania,2001,135
Tanzania,2002,99
Tanzania,2003,0
Tanzania,2004,13
Tanzania,2005,7
Tanzania,2006,8
Tanzania,2007,7
Tanzania,2008,2
Tanzania,2009,9
Tanzania,2010,21
Tanzania,2011,21
Tanzania,2012,44
Tanzania,2013,27
Tanzania,2014,16
Tanzania,2015,8
Tanzania,2016,22
Tanzania,2017,240
Tanzania,2018,18
Tanzania,2019,39
Tanzania,2020,26
Tanzania,2021,28
Tanzania,2022,31
Tanzania,2023,21
Tanzania,2024,33
Tanzania,2025,27
Thailand,2010,236
Thailand,2011,227
Thailand,2012,190
Thailand,2013,178
Thailand,2014,258
Thailand,2015,132
Thailand,2016,148
Thailand,2017,73
Thailand,2018,67
Thailand,2019,84
Thailand,2020,40
Thailand,2021,25
Thailand,2022,11
Thailand,2023,11
Thailand,2024,16
Thailand,2025,31
Togo,1997,4
Togo,1998,3
Togo,1999,4
Togo,2000,0
Togo,2001,0
Togo,2002,0
Togo,2003,0
Togo,2004,0
Togo,2005,1
Togo,2006,0
Togo,2007,0
Togo,2008,1
Togo,2009,0
Togo,2010,0
Togo,2011,0
Togo,2012,0
Togo,2013,2
Togo,2014,0
Togo,2015,2
Togo,2016,1
Togo,2017,24
Togo,2018,2
Togo,2019,5
Togo,2020,6
Togo,2021,4
Togo,2022,42
Togo,2023,49
Togo,2024,65
Togo,2025,10
Tokelau,2021,0
Tonga,2021,0
Trinidad and Tobago,2018,174
Trinidad and Tobago,2019,142
Trinidad and Tobago,2020,120
Trinidad and Tobago,2021,159
Trinidad and Tobago,2022,242
Trinidad and Tobago,2023,282
Trinidad and Tobago,2024,277
Trinidad and Tobago,2025,101
Tunisia,1997,0
Tunisia,1998,0
Tunisia,1999,0
Tunisia,2000,0
Tunisia,2001,0
Tunisia,2002,22
Tunisia,2003,0
Tunisia,2004,0
Tunisia,2005,0
Tunisia,2006,0
Tunisia,2007,0
Tunisia,2008,2
Tunisia,2009,0
Tunisia,2010,2
Tunisia,2011,86
Tunisia,2012,0
Tunisia,2013,7
Tunisia,2014,12
Tunisia,2015,80
Tunisia,2016,6
Tunisia,2017,6
Tunisia,2018,8
Tunisia,2019,5
Tunisia,2020,3
Tunisia,2021,5
Tunisia,2022,1
Tunisia,2023,1
Tunisia,2024,1
Tunisia,2025,2
Turkey,2016,446
Turkey,2017,114
Turkey,2018,47
Turkey,2019,62
Turkey,2020,44
Turkey,2021,27
Turkey,2022,32
Turkey,2023,24
Turkey,2024,12
Turkey,2025,3
Turkmenistan,2018,0
Turkmenistan,2019,7
Turkmenistan,2020,1
Turkmenistan,2021,0
Turkmenistan,2023,1
Turkmenistan,2025,0
Turks and Caicos Islands,2018,0
Turks and Caicos Islands,2019,0
Turks and Caicos Islands,2020,0
Turks and Caicos Islands,2021,0
Tuvalu,2021,0
Uganda,1997,350
Uganda,1998,372
Uganda,1999,599
Uganda,2000,498
Uganda,2001,48
Uganda,2002,800
Uganda,2003,1866
Uganda,2004,830
Uganda,2005,437
Uganda,2006,251
Uganda,2007,83
Uganda,2008,102
Uganda,2009,41
Uganda,2010,156
Uganda,2011,15
Uganda,2012,7
Uganda,2013,10
Uganda,2014,94
Uganda,2015,20
Uganda,2016,28
Uganda,2017,35
Uganda,2018,104
Uganda,2019,124
Uganda,2020,93
Uganda,2021,297
Uganda,2022,217
Uganda,2023,290
Uganda,2024,212
Uganda,2025,110
Ukraine,2018,63
Ukraine,2019,59
Ukraine,2020,20
Ukraine,2021,10
Ukraine,2022,5924
Ukraine,2023,2019
Ukraine,2024,2229
Ukraine,2025,2064
United Arab Emirates,2017,0
United Arab Emirates,2018,0
United Arab Emirates,2019,0
United Arab Emirates,2020,2
United Arab Emirates,2021,0
United Arab Emirates,2022,3
United Arab Emirates,2024,1
United Arab Emirates,2025,0
United Kingdom,2020,5
United Kingdom,2021,5
United Kingdom,2022,0
United Kingdom,2023,1
United Kingdom,2024,0
United Kingdom,2025,3
United States,2020,51
United States,2021,76
United States,2022,91
United States,2023,62
United States,2024,31
United States,2025,42
United States Minor Outlying Islands,2021,0
Uruguay,2018,0
Uruguay,2019,3
Uruguay,2020,2
Uruguay,2021,0
Uruguay,2022,1
Uruguay,2023,1
Uzbekistan,2018,2
Uzbekistan,2019,3
Uzbekistan,2020,4
Uzbekistan,2021,4
Uzbekistan,2022,8
Uzbekistan,2023,3
Uzbekistan,2024,2
Uzbekistan,2025,4
Vanuatu,2021,0
Vanuatu,2022,1
Vatican City,2020,0
Vatican City,2021,0
Venezuela,2018,1248
Venezuela,2019,1543
Venezuela,2020,829
Venezuela,2021,561
Venezuela,2022,318
Venezuela,2023,254
Venezuela,2024,183
Venezuela,2025,82
Vietnam,2010,12
Vietnam,2011,66
Vietnam,2012,3
Vietnam,2013,4
Vietnam,2014,22
Vietnam,2015,3
Vietnam,2016,2
Vietnam,2017,3
Vietnam,2018,3
Vietnam,2019,0
Vietnam,2020,0
Vietnam,2021,0
Vietnam,2023,0
Vietnam,2024,1
"Virgin Islands, U.S.",2018,0
"Virgin Islands, U.S.",2019,0
"Virgin Islands, U.S.",2020,0
"Virgin Islands, U.S.",2021,0
Wallis and Futuna,2021,0
Yemen,2015,4650
Yemen,2016,2328
Yemen,2017,1913
Yemen,2018,2425
Yemen,2019,1286
Yemen,2020,1285
Yemen,2021,801
Yemen,2022,1210
Yemen,2023,724
Yemen,2024,427
Yemen,2025,509
Zambia,1997,0
Zambia,1998,1
Zambia,1999,4
Zambia,2000,1
Zambia,2001,1
Zambia,2002,0
Zambia,2003,10
Zambia,2004,6
Zambia,2005,0
Zambia,2006,23
Zambia,2007,30
Zambia,2008,11
Zambia,2009,16
Zambia,2010,0
Zambia,2011,2
Zambia,2012,12
Zambia,2013,11
Zambia,2014,7
Zambia,2015,6
Zambia,2016,4
Zambia,2017,2
Zambia,2018,14
Zambia,2019,9
Zambia,2020,35
Zambia,2021,15
Zambia,2022,12
Zambia,2023,15
Zambia,2024,10
Zambia,2025,12
Zimbabwe,1997,0
Zimbabwe,1998,4
Zimbabwe,1999,6
Zimbabwe,2000,44
Zimbabwe,2001,37
Zimbabwe,2002,54
Zimbabwe,2003,6
Zimbabwe,2004,2
Zimbabwe,2005,8
Zimbabwe,2006,1
Zimbabwe,2007,13
Zimbabwe,2008,126
Zimbabwe,2009,26
Zimbabwe,2010,8
Zimbabwe,2011,8
Zimbabwe,2012,12
Zimbabwe,2013,8
Zimbabwe,2014,7
Zimbabwe,2015,14
Zimbabwe,2016,7
Zimbabwe,2017,3
Zimbabwe,2018,13
Zimbabwe,2019,23
Zimbabwe,2020,14
Zimbabwe,2021,22
Zimbabwe,2022,32
Zimbabwe,2023,40
Zimbabwe,2024,15
Zimbabwe,2025,6
eSwatini,1997,0
eSwatini,1998,2
eSwatini,1999,0
eSwatini,2000,1
eSwatini,2001,1
eSwatini,2002,0
eSwatini,2003,1
eSwatini,2004,0
eSwatini,2005,0
eSwatini,2006,0
eSwatini,2007,0
eSwatini,2008,2
eSwatini,2009,0
eSwatini,2010,1
eSwatini,2011,3
eSwatini,2012,2
eSwatini,2013,0
eSwatini,2014,0
eSwatini,2015,3
eSwatini,2016,0
eSwatini,2017,0
eSwatini,2018,0
eSwatini,2019,3
eSwatini,2020,4
eSwatini,2021,23
eSwatini,2022,21
eSwatini,2023,31
eSwatini,2024,10
eSwatini,2025,2
